<!-- config节点为根节点 -->
<config version="1.0">
    <!-- server节点保存当前服务的一些配置信息 -->
    <server>
       <!-- 服务超时时间，单位ms -->
       <timeout>600</timeout>
       <!--
           模调项目id，默认模调项目是spp_rpc，也可以更改为自己的模调项目id
           模调项目id管理处：http://mcall.webdev.com/config/projectConfig
       -->
       <!-- <mcall_project_id>1544</mcall_project_id> -->

       <!-- 如果需要和命令字兼容，可以配置命令字和服务的函数的映射关系 -->
       <!--
       <cmd_map>
           <map>
               <cmd>0xf123</cmd>
               <servant_name>qqvideo.mobileclient.mainlogic.spp_rpc_test</servant_name>
               <function_name>SayHello</function_name>
           </map>
           <map>
               <cmd>0xf2ba</cmd>
               <servant_name>qqvideo.mobileclient.mainlogic.spp_rpc_test</servant_name>
               <function_name>GetComments</function_name>
           </map>
       </cmd_map>
       -->

       <!--
           定时器参数,有需要可以使用
           interval: 定时时间间隔，单位ms
           timeout: 定时任务的超时时间，单位ms
           servant_name: 定时器关联的服务
           function_name:定时器关联的函数
           group_id:spp worker组id，默认为1
           times: 定时器执行次数，不填则一直定时轮询
       -->
       <!--
       <timer_params>
           <timer>
               <interval>1000</interval>
               <timeout>800</timeout>
               <servant_name>qqvideo.mobileclient.mainlogic.spp_rpc_test</servant_name>
               <function_name>TimerTest</function_name>
               <group_id>2</group_id>
           </timer>
           <timer>
               <interval>0</interval>
               <timeout>800</timeout>
               <servant_name>qqvideo.mobileclient.mainlogic.spp_rpc_test</servant_name>
               <function_name>TimerTest2</function_name>
               <times>1</times>
               <group_id>2</group_id>
           </timer>
       </timer_params>
       -->

       <!--
           params节点下是一组的配置参数节点，节点名可以自定义。
           如果需要在代码中获取这里的参数，可以使用如下函数：
           const std::string& value1 = spp_rpc::GetConfParams(key1);
       -->
       <params>
           <route_config_id>3311</route_config_id>
           <http_config_id>2254</http_config_id>
           <union_appid>20002301</union_appid>
           <union_appkey>b21d5baf4a8e1baf</union_appkey>
           <v_appid>1000005</v_appid>
           <test_time_out>1000</test_time_out>
           <time_out>800</time_out>
           <teenguard_delay_time>50</teenguard_delay_time>
           <page_id>100196</page_id>
           <formal_flag>1</formal_flag>
           <third_check>0</third_check>
           <expire_second>86400</expire_second>
           <flow_conf_path>/usr/local/services/spp/client/CommAccess/conf/poliaris_limit.xml</flow_conf_path>
       </params>
    </server>
    <!-- flow_ctrl 限流配置文件的地址-->
    <!-- <flow_ctrl>
        <flow_conf_path>/usr/local/services/spp/client/CommAccess/conf/poliaris_limit.xml</flow_conf_path>
    </flow_ctrl> -->
    <!-- API节点保存被调服务的路由信息 -->
    <API>
       <!--
           API节点下会有一组的route节点，每个route节点为一个服务的路由信息。
           每个route节点需要指定一个name属性，该属性为其服务名。
           route节点有如下一些子节点：
           * type
               路由类型，目前支持的有：ip, l5, zkname。
           * ip
               对端的ip，当type=ip时，需要指定ip节点。
           * port
               对端的端口，当type=ip时，需要指定prot节点。
           * modid
               对端L5的modid，当type=l5时，需要指定modid节点。
           * cmdid
               对端L5的cmdid，当type=l5时，需要指定cmdid节点。
           * zkname
               对端的名字服务，当type=zkname时，需要指定zkname节点。
           * timeout
               请求超时时间，单位ms。默认为300ms。
           * proto
               链接协议，目前支持TCP/UDP。默认为TCP协议。
           * rcv_buffer_len
               收包大小，当proto=UDP时，可以指定该节点，不指定默认为1MB。
           * cmd
               对端命令字，当对端提供了jce服务，但是又不是提供的rpc接口，
               这种一般就是向老服务发起请求。此时，是需要指定一个命令字
               的，支持16进制和10进制输入。

           下面列出几种常用的路由配置信息供参考：
           <route name="ip_route_case">
               <type>ip</type>
               <ip>127.0.0.1</ip>
               <port>12345</port>
               <timeout>200</timeout>
               <proto>TCP</proto>
           </route>
           <route name="l5_route_case">
               <type>l5</type>
               <modid>0</modid>
               <cmdid>0</cmdid>
           </route>
           <route name="zkname_route_case">
               <type>zkname</type>
               <zkname>test.webdev.com</zkname>
           </route>
           <route name="udp_route_case">
               <type>ip</type>
               <ip>127.0.0.1</ip>
               <port>12345</port>
               <timeout>200</timeout>
               <proto>UDP</proto>
           </route>
           <route name="jce_route_case">
               <type>ip</type>
               <ip>127.0.0.1</ip>
               <port>12345</port>
               <timeout>200</timeout>
               <cmd>0xf213</cmd>
           </route>
      

        -->
        <route name="VideoUserVerify">
            <type>l5</type>
            <modid>301249</modid>
            <cmdid>3538944</cmdid>
            <timeout>800</timeout>
            <proto>TCP</proto>
            <cmd>0xe152</cmd>
        </route>
        <route name="VideoSeaUserVerify">
            <type>l5</type>
            <modid>599873</modid>
            <cmdid>7340032</cmdid>
            <timeout>800</timeout>
            <proto>TCP</proto>
            <cmd>0xe152</cmd>
        </route>

        <route name="TeenGuard">
            <type>l5</type>
            <modid>64829633</modid>
            <cmdid>65538</cmdid>
            <timeout>50</timeout>
            <proto>TCP</proto>
            <cmd>0x605e</cmd>
        </route>

        <route name="HttpProxy">
            <type>l5</type>
            <modid>65020673</modid>
            <cmdid>131074</cmdid>
            <timeout>50</timeout>
            <proto>TCP</proto>
        </route>
        <route name="HttpPbProxy">
            <type>l5</type>
            <modid>65020673</modid>
            <cmdid>131074</cmdid>
            <timeout>50</timeout>
            <proto>TCP</proto>
        </route>
        <route name="union.2071.usertype">
            <type>l5</type>
            <modid>139009</modid>
            <cmdid>65536</cmdid>
            <timeout>50</timeout>
            <proto>TCP</proto>
        </route>
    </API>
</config>
